{"cameraMode":{"drawMode":0,"name":"Shaded","section":"Shading Mode"},"sceneLighting":true,"audioPlay":false,"sceneViewState":{"showFog":true,"showMaterialUpdate":false,"showSkybox":true,"showFlares":true,"showImageEffects":true,"showParticleSystems":true},"in2DMode":false,"pivot":{"x":2.319999933242798,"y":20.790000915527345,"z":-31.099998474121095},"rotation":{"x":-0.08091147243976593,"y":5.3293341961691e-10,"z":-6.165699062421481e-10,"w":-0.9967213273048401},"size":22.23100471496582,"orthographic":true}